{"cameraMode":{"drawMode":0,"name":"Shaded","section":"Shading Mode"},"sceneLighting":true,"audioPlay":false,"sceneViewState":{"m_AlwaysRefresh":false,"showFog":true,"showSkybox":true,"showFlares":true,"showImageEffects":true,"showParticleSystems":true,"showVisualEffectGraphs":true,"m_FxEnabled":true},"in2DMode":false,"pivot":{"x":259.27874755859377,"y":13.297194480895996,"z":5.56062126159668},"rotation":{"x":-0.009199150837957859,"y":0.731619656085968,"z":0.009879610501229763,"w":0.6815877556800842},"size":2.7042441368103029,"orthographic":false}