{"cameraMode":{"drawMode":0,"name":"Shaded","section":"Shading Mode"},"sceneLighting":true,"audioPlay":false,"sceneViewState":{"m_AlwaysRefresh":false,"showFog":true,"showSkybox":true,"showFlares":true,"showImageEffects":true,"showParticleSystems":true,"showVisualEffectGraphs":true,"m_FxEnabled":true},"in2DMode":false,"pivot":{"x":362.3373107910156,"y":233.3894500732422,"z":-450.92791748046877},"rotation":{"x":0.001808134256862104,"y":0.04048418626189232,"z":-0.00007343944162130356,"w":0.9991803765296936},"size":59.90901184082031,"orthographic":false}